{"control_points": [[-4.000000000000001, -3.0000000000000004, 0.0], [-6.390399131438234, -0.4028046226330136, 0.0], [0.7812932099048105, -2.1347602576378955, 0.0], [-7.029452654773722, 3.649869654502016, 0.0], [5.221973477453565, 2.9161327142578553, 0.0], [-1.7870645335829072, -0.07264335231438589, 0.0], [0.6034368456860694, -3.281373626514405, 0.0], [5.423401779509853, -1.4715290412497846, -0.0], [4.755496484764305, 1.8935153936705922, 0.0], [8.55171245240078, 3.3700520670213083, -0.0], [11.003895147129846, 3.0689315718345602, 0.0], [11.031752, 0.293654, 0.0]], "knot_vector": [0.0, 0.0, 0.0, 0.0, 0.0, 0.0, 0.24520176221031537, 0.3222462752396862, 0.40658516250851434, 0.49312488566744667, 0.5892869658459293, 0.6862681878254862, 1.0, 1.0, 1.0, 1.0, 1.0, 1.0], "degree": 5}