{"control_points": [[-4.0, -3.0, 0.0], [-3.395512523932579, 0.6798702841276534, 0.0], [-2.176609762488078, 0.24124737434952898, 0.0], [-1.5363315776527458, 3.7473001852300416, 0.0], [2.8630820009671902, 2.3931619444391794, 0.0], [-0.32816689520859144, -0.02955405479942168, 0.0], [-1.9780168732911174, -2.1184504165261373, 0.0], [6.0188717988432305, -3.0118070475626753, 0.0], [3.3297455706658163, 1.0913672973181365, 0.0], [7.660002603834879, 0.9296095514993569, 0.0], [8.173399646775689, 5.032214094241859, 0.0], [11.031752, 0.293654, 0.0]], "knot_vector": [0.0, 0.0, 0.0, 0.0, 0.0, 0.0, 0.14285714285714285, 0.2857142857142857, 0.42857142857142855, 0.5714285714285714, 0.7142857142857142, 0.8571428571428571, 1.0, 1.0, 1.0, 1.0, 1.0, 1.0], "degree": 5}