{"rational": true, "knot_vector": [[0.0, 0.0, 0.0, 0.25, 0.25, 0.5, 0.5, 0.75, 0.75, 1.0, 1.0, 1.0], [0.0, 0.0, 1.0, 1.0]], "control_points": [[[2.0, 0.0, 0.0], [2.0, 0.0, 7.0]], [[1.4142135623730951, 1.4142135623730951, 0.0], [1.4142135623730951, 1.4142135623730951, 4.9497474683058327]], [[1.2246467991473532e-16, 2.0, 0.0], [1.2246467991473532e-16, 2.0, 7.0]], [[-1.4142135623730949, 1.4142135623730951, 0.0], [-1.4142135623730949, 1.4142135623730951, 4.9497474683058327]], [[-2.0, 2.4492935982947064e-16, 0.0], [-2.0, 2.4492935982947064e-16, 7.0]], [[-1.4142135623730951, -1.4142135623730949, 0.0], [-1.4142135623730951, -1.4142135623730949, 4.9497474683058327]], [[-3.6739403974420594e-16, -2.0, 0.0], [-3.6739403974420594e-16, -2.0, 7.0]], [[1.4142135623730947, -1.4142135623730951, 0.0], [1.4142135623730947, -1.4142135623730951, 4.9497474683058327]], [[2.0, 0.0, 0.0], [2.0, 0.0, 7.0]]], "weights": [[1.0, 1.0], [0.70710678118654757, 0.70710678118654757], [1.0, 1.0], [0.70710678118654757, 0.70710678118654757], [1.0, 1.0], [0.70710678118654757, 0.70710678118654757], [1.0, 1.0], [0.70710678118654757, 0.70710678118654757], [1.0, 1.0]], "degree": [2, 1]}